rows,phase,scenario,form,variant,rows_returned,p50_ms,p95_ms,mean_ms,min_ms,max_ms,explain_exec_ms,shared_hit,shared_read,indexes_used
10000,no_index,eq_rare,count,cf_column,1,1.159,1.517,1.229,1.126,1.543,0.880,686,0,seq_scan
10000,no_index,eq_rare,page,cf_column,25,1.088,1.318,1.129,1.040,1.377,0.760,681,0,bench_accounts_pkey
10000,no_index,eq_rare,count,jsonb_contains,1,2.788,3.087,2.810,2.611,3.156,2.745,686,0,seq_scan
10000,no_index,eq_rare,page,jsonb_contains,25,2.837,3.208,2.945,2.722,4.449,2.393,686,0,seq_scan
10000,no_index,eq_rare,count,jsonb_text_expr,1,2.395,2.637,2.429,2.222,2.652,1.981,686,0,seq_scan
10000,no_index,eq_rare,page,jsonb_text_expr,25,2.027,3.695,2.262,1.846,3.902,1.564,681,0,bench_accounts_pkey
10000,no_index,eq_common,count,cf_column,1,1.345,1.393,1.318,1.182,1.410,1.048,686,0,seq_scan
10000,no_index,eq_common,page,cf_column,25,0.158,0.216,0.170,0.148,0.271,0.028,18,0,bench_accounts_pkey
10000,no_index,eq_common,count,jsonb_contains,1,2.868,2.935,2.838,2.695,2.947,2.510,686,0,seq_scan
10000,no_index,eq_common,page,jsonb_contains,25,0.237,0.587,0.293,0.191,0.809,0.060,18,0,bench_accounts_pkey
10000,no_index,eq_common,count,jsonb_text_expr,1,2.426,2.636,2.447,2.280,2.766,2.136,686,0,seq_scan
10000,no_index,eq_common,page,jsonb_text_expr,25,0.159,0.186,0.163,0.143,0.213,0.041,18,0,bench_accounts_pkey
10000,no_index,multi_value,count,cf_yaml_like,1,2.127,2.313,2.139,2.003,2.372,1.739,686,0,seq_scan
10000,no_index,multi_value,page,cf_yaml_like,25,0.515,0.806,0.572,0.485,0.851,0.297,141,0,bench_accounts_pkey
10000,no_index,multi_value,count,jsonb_contains,1,3.050,3.474,3.140,2.856,3.510,2.595,686,0,seq_scan
10000,no_index,multi_value,page,jsonb_contains,25,0.669,0.913,0.753,0.623,0.964,0.436,141,0,bench_accounts_pkey
10000,no_index,multi_value,count,jsonb_path_match,1,3.567,4.291,3.820,3.340,7.310,3.098,686,0,seq_scan
10000,no_index,multi_value,page,jsonb_path_match,25,0.869,1.191,0.920,0.683,2.216,0.525,141,0,bench_accounts_pkey
10000,no_index,numeric_range,count,cf_column,1,1.971,3.983,2.305,1.777,4.278,1.640,686,0,seq_scan
10000,no_index,numeric_range,page,cf_column,25,0.148,0.184,0.157,0.139,0.230,0.071,27,0,bench_accounts_pkey
10000,no_index,numeric_range,count,jsonb_numeric_expr,1,3.564,3.660,3.547,3.416,3.660,3.293,686,0,seq_scan
10000,no_index,numeric_range,page,jsonb_numeric_expr,25,0.201,0.248,0.213,0.181,0.361,0.104,27,0,bench_accounts_pkey
10000,no_index,numeric_range,count,jsonb_path_match,1,3.500,3.750,3.531,3.343,4.011,3.148,686,0,seq_scan
10000,no_index,numeric_range,page,jsonb_path_match,25,0.227,0.513,0.277,0.205,0.650,0.109,27,0,bench_accounts_pkey
10000,no_index,date_range,count,cf_column,1,1.455,1.559,1.458,1.322,1.844,1.169,686,0,seq_scan
10000,no_index,date_range,page,cf_column,25,0.215,0.269,0.236,0.191,0.533,0.113,75,0,bench_accounts_pkey
10000,no_index,date_range,count,jsonb_text_expr,1,2.636,2.711,2.634,2.470,2.727,2.310,686,0,seq_scan
10000,no_index,date_range,page,jsonb_text_expr,25,0.310,0.357,0.318,0.288,0.433,0.212,75,0,bench_accounts_pkey
10000,no_index,date_range,count,jsonb_path_match,1,2.919,2.993,2.934,2.810,3.182,6.307,686,0,seq_scan
10000,no_index,date_range,page,jsonb_path_match,25,0.386,0.611,0.419,0.327,0.717,0.219,75,0,bench_accounts_pkey
10000,no_index,key_exists,count,cf_column,1,1.455,1.686,1.466,1.303,1.798,1.415,686,0,seq_scan
10000,no_index,key_exists,page,cf_column,25,0.079,0.108,0.086,0.072,0.185,0.016,9,0,bench_accounts_pkey
10000,no_index,key_exists,count,jsonb_key_exists,1,2.154,2.539,2.202,2.004,2.735,1.976,686,0,seq_scan
10000,no_index,key_exists,page,jsonb_key_exists,25,0.094,0.107,0.097,0.090,0.114,0.019,9,0,bench_accounts_pkey
10000,no_index,key_exists,count,jsonb_path_match,1,2.455,2.570,2.471,2.422,2.640,2.294,686,0,seq_scan
10000,no_index,key_exists,page,jsonb_path_match,25,0.111,0.238,0.151,0.098,0.309,0.022,9,0,bench_accounts_pkey
10000,no_index,key_exists,count,jsonb_text_expr,1,2.249,2.698,2.346,2.018,3.332,2.053,686,0,seq_scan
10000,no_index,key_exists,page,jsonb_text_expr,25,0.087,0.243,0.118,0.078,0.443,0.021,9,0,bench_accounts_pkey
10000,no_index,sort_offset_0,page,cf_column,25,2.412,2.622,2.471,2.359,2.795,2.776,686,0,seq_scan
10000,no_index,sort_offset_0,page,jsonb_numeric_expr,25,4.273,5.485,4.511,4.003,7.196,4.600,686,0,seq_scan
10000,no_index,sort_offset_5000,page,cf_column,25,10.200,16.197,11.095,9.959,17.839,10.521,686,0,seq_scan
10000,no_index,sort_offset_5000,page,jsonb_numeric_expr,25,11.866,13.070,12.122,11.575,15.332,12.444,686,0,seq_scan
10000,btree_gin_path_ops,eq_rare,count,cf_column,1,0.068,0.154,0.092,0.065,0.318,0.010,3,0,ix_cf_segment
10000,btree_gin_path_ops,eq_rare,page,cf_column,25,0.129,0.377,0.179,0.088,0.581,0.020,35,0,ix_cf_segment
10000,btree_gin_path_ops,eq_rare,count,jsonb_contains,1,0.102,0.117,0.105,0.099,0.123,0.027,36,0,ix_jsonb_path_ops
10000,btree_gin_path_ops,eq_rare,page,jsonb_contains,25,0.120,0.127,0.121,0.116,0.130,0.037,36,0,ix_jsonb_path_ops
10000,btree_gin_path_ops,eq_rare,count,jsonb_text_expr,1,0.071,0.158,0.086,0.069,0.255,0.014,35,0,ix_jsonb_segment
10000,btree_gin_path_ops,eq_rare,page,jsonb_text_expr,25,0.086,0.109,0.094,0.084,0.171,0.020,35,0,ix_jsonb_segment
10000,btree_gin_path_ops,eq_common,count,cf_column,1,0.116,0.125,0.117,0.111,0.135,0.218,4,0,ix_cf_segment
10000,btree_gin_path_ops,eq_common,page,cf_column,25,0.092,0.101,0.093,0.089,0.104,0.025,18,0,bench_accounts_pkey
10000,btree_gin_path_ops,eq_common,count,jsonb_contains,1,0.990,1.170,0.986,0.840,1.235,0.764,607,0,ix_jsonb_path_ops
10000,btree_gin_path_ops,eq_common,page,jsonb_contains,25,0.163,0.207,0.171,0.145,0.237,0.049,18,0,bench_accounts_pkey
10000,btree_gin_path_ops,eq_common,count,jsonb_text_expr,1,0.414,0.783,0.513,0.388,1.159,0.360,607,0,ix_jsonb_segment
10000,btree_gin_path_ops,eq_common,page,jsonb_text_expr,25,0.104,0.170,0.126,0.101,0.398,0.037,18,0,bench_accounts_pkey
10000,btree_gin_path_ops,multi_value,count,cf_yaml_like,1,0.320,0.717,0.395,0.288,0.926,0.236,220,0,ix_cf_interests_trgm
10000,btree_gin_path_ops,multi_value,page,cf_yaml_like,25,0.447,0.601,0.485,0.439,0.652,0.290,141,0,bench_accounts_pkey
10000,btree_gin_path_ops,multi_value,count,jsonb_contains,1,0.330,0.683,0.397,0.264,0.694,0.171,203,0,ix_jsonb_path_ops
10000,btree_gin_path_ops,multi_value,page,jsonb_contains,25,0.586,0.971,0.691,0.551,1.082,0.430,141,0,bench_accounts_pkey
10000,btree_gin_path_ops,multi_value,count,jsonb_path_match,1,0.386,0.728,0.483,0.352,0.879,0.219,203,0,ix_jsonb_path_ops
10000,btree_gin_path_ops,multi_value,page,jsonb_path_match,25,0.661,0.880,0.700,0.608,0.894,0.494,141,0,bench_accounts_pkey
10000,btree_gin_path_ops,numeric_range,count,cf_column,1,0.243,0.304,0.256,0.225,0.321,0.203,8,0,ix_cf_annual_value
10000,btree_gin_path_ops,numeric_range,page,cf_column,25,0.149,0.221,0.166,0.141,0.299,0.056,27,0,bench_accounts_pkey
10000,btree_gin_path_ops,numeric_range,count,jsonb_numeric_expr,1,0.512,2.773,0.786,0.450,3.385,0.421,522,0,ix_jsonb_annual_value
10000,btree_gin_path_ops,numeric_range,page,jsonb_numeric_expr,25,0.209,0.285,0.223,0.194,0.316,0.098,27,0,bench_accounts_pkey
10000,btree_gin_path_ops,numeric_range,count,jsonb_path_match,1,3.470,3.793,3.485,3.310,3.939,3.187,686,0,seq_scan
10000,btree_gin_path_ops,numeric_range,page,jsonb_path_match,25,0.232,0.726,0.346,0.197,1.591,0.092,27,0,bench_accounts_pkey
10000,btree_gin_path_ops,date_range,count,cf_column,1,0.089,0.098,0.091,0.086,0.109,0.032,3,0,ix_cf_renewal_date
10000,btree_gin_path_ops,date_range,page,cf_column,25,0.204,0.217,0.205,0.196,0.217,0.114,75,0,bench_accounts_pkey
10000,btree_gin_path_ops,date_range,count,jsonb_text_expr,1,0.189,0.213,0.194,0.182,0.222,0.117,226,0,ix_jsonb_renewal_date
10000,btree_gin_path_ops,date_range,page,jsonb_text_expr,25,0.346,0.596,0.391,0.322,0.611,0.207,75,0,bench_accounts_pkey
10000,btree_gin_path_ops,date_range,count,jsonb_path_match,1,2.959,3.187,2.979,2.792,3.372,2.600,686,0,seq_scan
10000,btree_gin_path_ops,date_range,page,jsonb_path_match,25,0.373,0.665,0.423,0.357,0.740,0.221,75,0,bench_accounts_pkey
10000,btree_gin_path_ops,key_exists,count,cf_column,1,0.185,0.209,0.192,0.177,0.271,0.316,9,0,ix_cf_renewal_date
10000,btree_gin_path_ops,key_exists,page,cf_column,25,0.086,0.221,0.114,0.076,0.454,0.018,9,0,bench_accounts_pkey
10000,btree_gin_path_ops,key_exists,count,jsonb_key_exists,1,2.284,2.554,2.291,2.052,2.585,1.967,686,0,seq_scan
10000,btree_gin_path_ops,key_exists,page,jsonb_key_exists,25,0.117,0.174,0.129,0.095,0.241,0.021,9,0,bench_accounts_pkey
10000,btree_gin_path_ops,key_exists,count,jsonb_path_match,1,2.627,3.012,2.840,2.440,6.890,2.274,686,0,seq_scan
10000,btree_gin_path_ops,key_exists,page,jsonb_path_match,25,0.106,0.138,0.111,0.099,0.164,0.023,9,0,bench_accounts_pkey
10000,btree_gin_path_ops,key_exists,count,jsonb_text_expr,1,0.611,0.759,0.643,0.590,0.881,0.711,694,0,ix_jsonb_renewal_date
10000,btree_gin_path_ops,key_exists,page,jsonb_text_expr,25,0.083,0.320,0.113,0.081,0.324,0.024,9,0,bench_accounts_pkey
10000,btree_gin_path_ops,sort_offset_0,page,cf_column,25,0.078,0.114,0.085,0.072,0.167,0.011,3,0,ix_cf_annual_value
10000,btree_gin_path_ops,sort_offset_0,page,jsonb_numeric_expr,25,0.085,0.098,0.087,0.081,0.107,0.026,27,0,ix_jsonb_annual_value
10000,btree_gin_path_ops,sort_offset_5000,page,cf_column,25,0.394,0.703,0.480,0.332,0.831,0.511,27,0,ix_cf_annual_value
10000,btree_gin_path_ops,sort_offset_5000,page,jsonb_numeric_expr,25,2.500,2.744,2.512,2.348,2.975,2.464,5044,0,ix_jsonb_annual_value
10000,gin_jsonb_ops,eq_rare,count,jsonb_contains,1,0.142,0.277,0.180,0.126,0.595,0.055,44,0,ix_jsonb_ops
10000,gin_jsonb_ops,eq_rare,page,jsonb_contains,25,0.153,0.197,0.161,0.141,0.220,0.061,44,0,ix_jsonb_ops
10000,gin_jsonb_ops,eq_common,count,jsonb_contains,1,1.086,1.619,1.191,0.919,1.768,0.808,615,0,ix_jsonb_ops
10000,gin_jsonb_ops,eq_common,page,jsonb_contains,25,0.127,0.193,0.140,0.123,0.215,0.041,18,0,bench_accounts_pkey
10000,gin_jsonb_ops,multi_value,count,jsonb_contains,1,0.282,0.344,0.298,0.264,0.465,0.184,208,0,ix_jsonb_ops
10000,gin_jsonb_ops,multi_value,page,jsonb_contains,25,0.549,0.560,0.549,0.529,0.563,0.416,141,0,bench_accounts_pkey
10000,gin_jsonb_ops,multi_value,count,jsonb_path_match,1,0.362,0.405,0.373,0.334,0.599,0.243,211,0,ix_jsonb_ops
10000,gin_jsonb_ops,multi_value,page,jsonb_path_match,25,0.709,3.599,1.073,0.651,4.025,0.490,141,0,bench_accounts_pkey
10000,gin_jsonb_ops,numeric_range,count,jsonb_path_match,1,3.616,4.127,3.978,3.343,9.872,3.149,686,0,seq_scan
10000,gin_jsonb_ops,numeric_range,page,jsonb_path_match,25,0.198,0.418,0.232,0.183,0.443,0.094,27,0,bench_accounts_pkey
10000,gin_jsonb_ops,date_range,count,jsonb_path_match,1,3.066,3.242,3.066,2.766,3.418,2.580,686,0,seq_scan
10000,gin_jsonb_ops,date_range,page,jsonb_path_match,25,0.380,0.667,0.438,0.336,0.667,0.226,75,0,bench_accounts_pkey
10000,gin_jsonb_ops,key_exists,count,jsonb_key_exists,1,1.510,1.724,1.506,1.306,1.785,1.349,690,0,ix_jsonb_ops
10000,gin_jsonb_ops,key_exists,page,jsonb_key_exists,25,0.100,0.239,0.139,0.095,0.660,0.024,9,0,bench_accounts_pkey
10000,gin_jsonb_ops,key_exists,count,jsonb_path_match,1,2.637,2.971,2.668,2.482,2.997,6.059,686,0,seq_scan
10000,gin_jsonb_ops,key_exists,page,jsonb_path_match,25,0.127,0.398,0.319,0.107,3.390,0.024,9,0,bench_accounts_pkey
100000,no_index,eq_rare,count,cf_column,1,9.105,11.906,9.579,8.905,12.027,8.552,6884,0,seq_scan
100000,no_index,eq_rare,page,cf_column,25,0.866,1.030,0.878,0.653,1.165,0.542,498,0,bench_accounts_pkey
100000,no_index,eq_rare,count,jsonb_contains,1,24.660,33.608,26.057,23.303,33.979,31.847,6884,0,seq_scan
100000,no_index,eq_rare,page,jsonb_contains,25,26.907,32.397,27.735,24.016,32.729,23.628,6884,0,seq_scan
100000,no_index,eq_rare,count,jsonb_text_expr,1,20.050,27.001,21.741,19.750,30.656,30.812,6884,0,seq_scan
100000,no_index,eq_rare,page,jsonb_text_expr,25,1.571,1.726,1.572,1.416,1.747,1.084,498,0,bench_accounts_pkey
100000,no_index,eq_common,count,cf_column,1,10.010,13.513,10.614,9.804,17.127,10.097,6884,0,seq_scan
100000,no_index,eq_common,page,cf_column,25,0.092,0.234,0.113,0.087,0.252,0.034,25,0,bench_accounts_pkey
100000,no_index,eq_common,count,jsonb_contains,1,24.654,30.993,25.795,24.059,35.424,24.909,6884,0,seq_scan
100000,no_index,eq_common,page,jsonb_contains,25,0.139,0.170,0.145,0.134,0.177,0.063,25,0,bench_accounts_pkey
100000,no_index,eq_common,count,jsonb_text_expr,1,20.741,24.103,21.520,20.343,26.265,21.030,6884,0,seq_scan
100000,no_index,eq_common,page,jsonb_text_expr,25,0.112,0.142,0.118,0.108,0.176,0.057,25,0,bench_accounts_pkey
100000,no_index,multi_value,count,cf_yaml_like,1,17.417,21.642,18.111,17.104,22.293,17.128,6884,0,seq_scan
100000,no_index,multi_value,page,cf_yaml_like,25,0.369,0.623,0.439,0.345,0.639,0.293,128,0,bench_accounts_pkey
100000,no_index,multi_value,count,jsonb_contains,1,26.043,30.091,27.090,25.797,39.260,25.502,6884,0,seq_scan
100000,no_index,multi_value,page,jsonb_contains,25,0.501,0.694,0.536,0.485,0.722,0.367,128,0,bench_accounts_pkey
100000,no_index,multi_value,count,jsonb_path_match,1,31.416,38.169,33.144,30.796,45.041,35.843,6884,0,seq_scan
100000,no_index,multi_value,page,jsonb_path_match,25,0.580,0.737,0.622,0.548,0.783,0.428,128,0,bench_accounts_pkey
100000,no_index,numeric_range,count,cf_column,1,15.739,18.333,16.160,15.470,19.424,15.765,6884,0,seq_scan
100000,no_index,numeric_range,page,cf_column,25,0.121,0.133,0.123,0.119,0.134,0.057,30,0,bench_accounts_pkey
100000,no_index,numeric_range,count,jsonb_numeric_expr,1,15.348,17.516,15.944,15.014,22.805,17.368,6884,0,seq_scan
100000,no_index,numeric_range,page,jsonb_numeric_expr,25,0.170,0.327,0.247,0.165,1.474,0.158,30,0,bench_accounts_pkey
100000,no_index,numeric_range,count,jsonb_path_match,1,35.251,40.895,35.468,31.011,42.808,37.594,6884,0,seq_scan
100000,no_index,numeric_range,page,jsonb_path_match,25,0.241,0.591,0.297,0.205,0.644,0.107,30,0,bench_accounts_pkey
100000,no_index,date_range,count,cf_column,1,12.928,19.931,13.630,11.897,21.618,11.718,6884,0,seq_scan
100000,no_index,date_range,page,cf_column,25,0.220,0.449,0.261,0.200,0.668,0.146,102,0,bench_accounts_pkey
100000,no_index,date_range,count,jsonb_text_expr,1,12.173,12.585,12.490,11.920,18.071,15.520,6884,0,seq_scan
100000,no_index,date_range,page,jsonb_text_expr,25,0.372,0.603,0.409,0.329,0.664,0.299,102,0,bench_accounts_pkey
100000,no_index,date_range,count,jsonb_path_match,1,25.355,29.708,26.372,24.984,40.610,24.957,6884,0,seq_scan
100000,no_index,date_range,page,jsonb_path_match,25,0.426,0.560,0.461,0.406,0.643,0.285,102,0,bench_accounts_pkey
100000,no_index,key_exists,count,cf_column,1,11.750,12.195,11.968,11.596,15.615,13.535,6884,0,seq_scan
100000,no_index,key_exists,page,cf_column,25,0.070,0.085,0.074,0.067,0.126,0.017,8,0,bench_accounts_pkey
100000,no_index,key_exists,count,jsonb_key_exists,1,17.708,18.972,18.016,17.467,21.629,19.426,6884,0,seq_scan
100000,no_index,key_exists,page,jsonb_key_exists,25,0.094,0.160,0.104,0.087,0.183,0.020,8,0,bench_accounts_pkey
100000,no_index,key_exists,count,jsonb_path_match,1,21.088,23.323,21.749,20.830,27.115,22.650,6884,0,seq_scan
100000,no_index,key_exists,page,jsonb_path_match,25,0.094,0.132,0.102,0.089,0.172,0.021,8,0,bench_accounts_pkey
100000,no_index,key_exists,count,jsonb_text_expr,1,18.096,20.004,18.497,17.892,23.432,20.086,6884,0,seq_scan
100000,no_index,key_exists,page,jsonb_text_expr,25,0.073,0.100,0.086,0.069,0.257,0.019,8,0,bench_accounts_pkey
100000,no_index,sort_offset_0,page,cf_column,25,11.477,12.710,11.773,11.154,16.079,12.963,6970,0,seq_scan
100000,no_index,sort_offset_0,page,jsonb_numeric_expr,25,17.034,19.178,17.458,16.622,21.392,21.901,6970,0,seq_scan
100000,no_index,sort_offset_5000,page,cf_column,25,38.535,43.644,39.884,38.009,50.499,43.072,6970,0,seq_scan
100000,no_index,sort_offset_5000,page,jsonb_numeric_expr,25,49.717,55.595,49.743,43.765,62.945,54.679,6970,0,seq_scan
100000,btree_gin_path_ops,eq_rare,count,cf_column,1,0.079,0.091,0.081,0.076,0.094,0.045,3,0,ix_cf_segment
100000,btree_gin_path_ops,eq_rare,page,cf_column,25,0.189,0.215,0.192,0.183,0.216,0.162,427,0,ix_cf_segment
100000,btree_gin_path_ops,eq_rare,count,jsonb_contains,1,0.391,0.621,0.454,0.354,0.686,0.294,429,0,ix_jsonb_path_ops
100000,btree_gin_path_ops,eq_rare,page,jsonb_contains,25,1.903,2.195,1.986,1.467,3.817,1.291,498,0,bench_accounts_pkey
100000,btree_gin_path_ops,eq_rare,count,jsonb_text_expr,1,0.127,0.149,0.131,0.125,0.159,0.100,427,0,ix_jsonb_segment
100000,btree_gin_path_ops,eq_rare,page,jsonb_text_expr,25,0.187,0.204,0.193,0.184,0.243,0.457,427,0,ix_jsonb_segment
100000,btree_gin_path_ops,eq_common,count,cf_column,1,0.539,0.777,0.608,0.497,0.818,1.194,15,0,ix_cf_segment
100000,btree_gin_path_ops,eq_common,page,cf_column,25,0.097,0.106,0.099,0.095,0.112,0.034,25,0,bench_accounts_pkey
100000,btree_gin_path_ops,eq_common,count,jsonb_contains,1,7.309,12.288,8.289,7.073,14.334,7.463,6042,0,ix_jsonb_path_ops
100000,btree_gin_path_ops,eq_common,page,jsonb_contains,25,0.150,0.188,0.155,0.140,0.207,0.065,25,0,bench_accounts_pkey
100000,btree_gin_path_ops,eq_common,count,jsonb_text_expr,1,3.715,4.063,3.784,3.570,4.330,4.196,6048,0,ix_jsonb_segment
100000,btree_gin_path_ops,eq_common,page,jsonb_text_expr,25,0.112,0.126,0.115,0.109,0.130,0.055,25,0,bench_accounts_pkey
100000,btree_gin_path_ops,multi_value,count,cf_yaml_like,1,2.855,3.049,2.906,2.678,3.060,2.431,1988,0,ix_cf_interests_trgm
100000,btree_gin_path_ops,multi_value,page,cf_yaml_like,25,0.386,0.615,0.452,0.369,0.621,0.252,128,0,bench_accounts_pkey
100000,btree_gin_path_ops,multi_value,count,jsonb_contains,1,2.017,2.093,2.018,1.866,2.106,1.834,1934,0,ix_jsonb_path_ops
100000,btree_gin_path_ops,multi_value,page,jsonb_contains,25,0.720,1.568,0.903,0.525,3.490,0.385,128,0,bench_accounts_pkey
100000,btree_gin_path_ops,multi_value,count,jsonb_path_match,1,2.680,3.019,2.713,2.547,3.061,2.255,1934,0,ix_jsonb_path_ops
100000,btree_gin_path_ops,multi_value,page,jsonb_path_match,25,0.707,1.084,0.774,0.584,2.176,0.442,128,0,bench_accounts_pkey
100000,btree_gin_path_ops,numeric_range,count,cf_column,1,1.860,1.974,1.819,1.549,2.017,1.933,49,0,ix_cf_annual_value
100000,btree_gin_path_ops,numeric_range,page,cf_column,25,0.126,0.144,0.129,0.120,0.154,0.055,30,0,bench_accounts_pkey
100000,btree_gin_path_ops,numeric_range,count,jsonb_numeric_expr,1,4.225,5.918,4.443,4.067,6.144,4.301,5268,0,ix_jsonb_annual_value
100000,btree_gin_path_ops,numeric_range,page,jsonb_numeric_expr,25,0.174,0.201,0.180,0.169,0.237,0.098,30,0,bench_accounts_pkey
100000,btree_gin_path_ops,numeric_range,count,jsonb_path_match,1,31.581,36.791,33.002,30.840,43.042,31.869,6884,0,seq_scan
100000,btree_gin_path_ops,numeric_range,page,jsonb_path_match,25,0.209,0.443,0.241,0.192,0.539,0.115,30,0,bench_accounts_pkey
100000,btree_gin_path_ops,date_range,count,cf_column,1,0.165,0.191,0.168,0.155,0.203,0.259,6,0,ix_cf_renewal_date
100000,btree_gin_path_ops,date_range,page,cf_column,25,0.234,0.418,0.269,0.214,0.500,0.148,102,0,bench_accounts_pkey
100000,btree_gin_path_ops,date_range,count,jsonb_text_expr,1,1.479,1.583,1.459,1.295,1.596,1.266,2378,0,ix_jsonb_renewal_date
100000,btree_gin_path_ops,date_range,page,jsonb_text_expr,25,0.379,0.553,0.404,0.359,0.564,0.284,102,0,bench_accounts_pkey
100000,btree_gin_path_ops,date_range,count,jsonb_path_match,1,25.691,29.167,26.448,25.100,29.336,31.846,6884,0,seq_scan
100000,btree_gin_path_ops,date_range,page,jsonb_path_match,25,0.480,0.709,0.708,0.427,4.535,0.308,102,0,bench_accounts_pkey
100000,btree_gin_path_ops,key_exists,count,cf_column,1,1.289,1.357,1.278,1.138,1.436,3.051,34,0,ix_cf_renewal_date
100000,btree_gin_path_ops,key_exists,page,cf_column,25,0.076,0.087,0.077,0.073,0.089,0.017,8,0,bench_accounts_pkey
100000,btree_gin_path_ops,key_exists,count,jsonb_key_exists,1,17.640,18.456,17.782,17.406,18.658,26.228,6884,0,seq_scan
100000,btree_gin_path_ops,key_exists,page,jsonb_key_exists,25,0.104,0.156,0.124,0.097,0.411,0.022,8,0,bench_accounts_pkey
100000,btree_gin_path_ops,key_exists,count,jsonb_path_match,1,20.860,27.472,21.981,20.612,33.475,25.837,6884,0,seq_scan
100000,btree_gin_path_ops,key_exists,page,jsonb_path_match,25,0.106,0.130,0.111,0.101,0.136,0.022,8,0,bench_accounts_pkey
100000,btree_gin_path_ops,key_exists,count,jsonb_text_expr,1,5.935,6.234,6.001,5.721,6.601,7.629,6897,0,ix_jsonb_renewal_date
100000,btree_gin_path_ops,key_exists,page,jsonb_text_expr,25,0.080,0.148,0.103,0.076,0.417,0.020,8,0,bench_accounts_pkey
100000,btree_gin_path_ops,sort_offset_0,page,cf_column,25,0.068,0.078,0.070,0.067,0.078,0.011,4,0,ix_cf_annual_value
100000,btree_gin_path_ops,sort_offset_0,page,jsonb_numeric_expr,25,0.080,0.086,0.081,0.079,0.090,0.018,28,0,ix_jsonb_annual_value
100000,btree_gin_path_ops,sort_offset_5000,page,cf_column,25,0.333,0.571,0.534,0.317,3.819,0.515,28,0,ix_cf_annual_value
100000,btree_gin_path_ops,sort_offset_5000,page,jsonb_numeric_expr,25,2.916,3.154,3.084,2.872,5.939,2.925,5052,0,ix_jsonb_annual_value
100000,gin_jsonb_ops,eq_rare,count,jsonb_contains,1,0.848,0.950,0.848,0.672,1.090,0.566,458,0,ix_jsonb_ops
100000,gin_jsonb_ops,eq_rare,page,jsonb_contains,25,0.748,0.771,0.750,0.723,0.778,0.623,458,0,ix_jsonb_ops
100000,gin_jsonb_ops,eq_common,count,jsonb_contains,1,7.711,8.385,7.977,7.507,11.738,8.121,6068,0,ix_jsonb_ops
100000,gin_jsonb_ops,eq_common,page,jsonb_contains,25,0.163,0.188,0.182,0.150,0.488,0.069,25,0,bench_accounts_pkey
100000,gin_jsonb_ops,multi_value,count,jsonb_contains,1,2.199,2.385,2.216,2.081,2.536,2.028,1951,0,ix_jsonb_ops
100000,gin_jsonb_ops,multi_value,page,jsonb_contains,25,0.684,0.928,0.695,0.508,1.079,0.372,128,0,bench_accounts_pkey
100000,gin_jsonb_ops,multi_value,count,jsonb_path_match,1,3.007,4.320,3.297,2.769,7.930,2.530,1954,0,ix_jsonb_ops
100000,gin_jsonb_ops,multi_value,page,jsonb_path_match,25,0.654,0.882,0.696,0.561,0.885,0.427,128,0,bench_accounts_pkey
100000,gin_jsonb_ops,numeric_range,count,jsonb_path_match,1,31.463,33.575,32.109,30.944,41.944,31.498,6884,0,seq_scan
100000,gin_jsonb_ops,numeric_range,page,jsonb_path_match,25,0.210,0.380,0.243,0.185,0.406,0.100,30,0,bench_accounts_pkey
100000,gin_jsonb_ops,date_range,count,jsonb_path_match,1,25.759,27.881,26.167,25.218,30.317,25.364,6884,0,seq_scan
100000,gin_jsonb_ops,date_range,page,jsonb_path_match,25,0.464,0.724,0.528,0.406,0.826,0.294,102,0,bench_accounts_pkey
100000,gin_jsonb_ops,key_exists,count,jsonb_key_exists,1,12.000,15.798,12.818,11.630,16.929,13.310,6873,0,ix_jsonb_ops
100000,gin_jsonb_ops,key_exists,page,jsonb_key_exists,25,0.092,0.111,0.096,0.090,0.125,0.019,8,0,bench_accounts_pkey
100000,gin_jsonb_ops,key_exists,count,jsonb_path_match,1,21.237,27.997,22.454,20.805,28.989,22.529,6884,0,seq_scan
100000,gin_jsonb_ops,key_exists,page,jsonb_path_match,25,0.101,0.136,0.107,0.097,0.144,0.022,8,0,bench_accounts_pkey
1000000,no_index,eq_rare,count,cf_column,1,75.423,80.880,75.643,70.878,84.012,72.171,69450,0,seq_scan
1000000,no_index,eq_rare,page,cf_column,25,0.614,0.763,0.632,0.596,0.779,0.511,450,0,bench_accounts_pkey
1000000,no_index,eq_rare,count,jsonb_contains,1,120.738,127.651,121.784,117.582,127.876,119.611,69450,0,seq_scan
1000000,no_index,eq_rare,page,jsonb_contains,25,1.521,1.604,1.521,1.395,1.630,1.237,450,0,bench_accounts_pkey
1000000,no_index,eq_rare,count,jsonb_text_expr,1,113.890,123.953,114.716,107.379,130.478,107.875,69450,0,seq_scan
1000000,no_index,eq_rare,page,jsonb_text_expr,25,1.139,1.325,1.160,1.131,1.327,1.051,450,0,bench_accounts_pkey
1000000,no_index,eq_common,count,cf_column,1,75.501,85.457,77.314,73.221,85.949,76.132,69450,0,seq_scan
1000000,no_index,eq_common,page,cf_column,25,0.088,0.137,0.111,0.083,0.421,0.039,21,0,bench_accounts_pkey
1000000,no_index,eq_common,count,jsonb_contains,1,122.100,141.165,125.474,118.921,142.765,138.413,69450,0,seq_scan
1000000,no_index,eq_common,page,jsonb_contains,25,0.172,0.255,0.196,0.151,0.473,0.067,21,0,bench_accounts_pkey
1000000,no_index,eq_common,count,jsonb_text_expr,1,111.777,125.334,114.047,108.145,125.779,124.258,69450,0,seq_scan
1000000,no_index,eq_common,page,jsonb_text_expr,25,0.107,0.165,0.130,0.096,0.440,0.045,21,0,bench_accounts_pkey
1000000,no_index,multi_value,count,cf_yaml_like,1,98.966,108.362,100.723,97.502,109.178,104.344,69450,0,seq_scan
1000000,no_index,multi_value,page,cf_yaml_like,25,0.313,0.642,0.491,0.274,3.350,0.221,98,0,bench_accounts_pkey
1000000,no_index,multi_value,count,jsonb_contains,1,129.780,142.420,132.102,124.926,146.070,134.707,69450,0,seq_scan
1000000,no_index,multi_value,page,jsonb_contains,25,0.476,0.860,0.561,0.419,0.873,0.279,98,0,bench_accounts_pkey
1000000,no_index,multi_value,count,jsonb_path_match,1,146.743,162.880,149.135,140.715,165.511,150.406,69450,0,seq_scan
1000000,no_index,multi_value,page,jsonb_path_match,25,0.484,0.708,0.535,0.432,0.833,0.333,98,0,bench_accounts_pkey
1000000,no_index,numeric_range,count,cf_column,1,93.933,97.803,94.670,91.935,101.677,97.616,69450,0,seq_scan
1000000,no_index,numeric_range,page,cf_column,25,0.124,0.139,0.128,0.122,0.146,0.064,34,0,bench_accounts_pkey
1000000,no_index,numeric_range,count,jsonb_numeric_expr,1,152.385,163.432,154.828,147.514,170.812,149.902,69450,0,seq_scan
1000000,no_index,numeric_range,page,jsonb_numeric_expr,25,0.179,0.214,0.185,0.174,0.221,0.113,34,0,bench_accounts_pkey
1000000,no_index,numeric_range,count,jsonb_path_match,1,146.390,152.961,147.387,142.596,154.695,148.745,69450,0,seq_scan
1000000,no_index,numeric_range,page,jsonb_path_match,25,0.206,0.292,0.233,0.197,0.549,0.145,34,0,bench_accounts_pkey
1000000,no_index,date_range,count,cf_column,1,85.374,97.088,86.522,80.883,98.060,88.303,69450,0,seq_scan
1000000,no_index,date_range,page,cf_column,25,0.284,0.315,0.290,0.258,0.338,0.203,126,0,bench_accounts_pkey
1000000,no_index,date_range,count,jsonb_text_expr,1,121.695,128.284,122.012,116.512,128.567,121.820,69450,0,seq_scan
1000000,no_index,date_range,page,jsonb_text_expr,25,0.416,0.460,0.426,0.393,0.588,0.333,126,0,bench_accounts_pkey
1000000,no_index,date_range,count,jsonb_path_match,1,125.702,137.458,127.607,120.980,138.953,121.803,69450,0,seq_scan
1000000,no_index,date_range,page,jsonb_path_match,25,0.495,0.664,0.516,0.466,0.724,0.367,126,0,bench_accounts_pkey
1000000,no_index,key_exists,count,cf_column,1,81.694,86.562,82.507,80.173,87.833,87.587,69450,0,seq_scan
1000000,no_index,key_exists,page,cf_column,25,0.069,0.077,0.070,0.066,0.080,0.017,9,0,bench_accounts_pkey
1000000,no_index,key_exists,count,jsonb_key_exists,1,100.778,107.764,101.770,98.416,109.126,106.391,69450,0,seq_scan
1000000,no_index,key_exists,page,jsonb_key_exists,25,0.124,0.379,0.183,0.078,0.793,0.025,9,0,bench_accounts_pkey
1000000,no_index,key_exists,count,jsonb_path_match,1,111.068,124.348,115.135,108.574,130.576,124.489,69450,0,seq_scan
1000000,no_index,key_exists,page,jsonb_path_match,25,0.094,0.103,0.095,0.090,0.111,0.025,9,0,bench_accounts_pkey
1000000,no_index,key_exists,count,jsonb_text_expr,1,101.728,110.321,103.664,99.463,116.783,115.812,69450,0,seq_scan
1000000,no_index,key_exists,page,jsonb_text_expr,25,0.072,0.094,0.076,0.070,0.097,0.024,9,0,bench_accounts_pkey
1000000,no_index,sort_offset_0,page,cf_column,25,115.135,126.025,118.289,111.071,127.094,133.469,69536,0,seq_scan
1000000,no_index,sort_offset_0,page,jsonb_numeric_expr,25,166.193,177.791,168.169,161.598,186.420,195.573,69536,0,seq_scan
1000000,no_index,sort_offset_5000,page,cf_column,25,171.759,180.837,173.887,167.090,187.447,198.533,69536,0,seq_scan
1000000,no_index,sort_offset_5000,page,jsonb_numeric_expr,25,230.164,254.393,232.710,219.700,259.095,245.911,69536,0,seq_scan
1000000,btree_gin_path_ops,eq_rare,count,cf_column,1,0.263,0.462,0.294,0.234,0.545,0.389,9,0,ix_cf_segment
1000000,btree_gin_path_ops,eq_rare,page,cf_column,25,0.698,0.817,0.716,0.664,0.916,0.650,450,0,bench_accounts_pkey
1000000,btree_gin_path_ops,eq_rare,count,jsonb_contains,1,4.039,4.272,4.048,3.821,4.362,3.896,4333,0,ix_jsonb_path_ops
1000000,btree_gin_path_ops,eq_rare,page,jsonb_contains,25,1.749,3.576,2.082,1.534,3.627,1.337,450,0,bench_accounts_pkey
1000000,btree_gin_path_ops,eq_rare,count,jsonb_text_expr,1,1.574,1.705,1.542,1.367,1.724,1.638,4332,0,ix_jsonb_segment
1000000,btree_gin_path_ops,eq_rare,page,jsonb_text_expr,25,1.491,1.616,1.467,1.202,1.693,1.168,450,0,bench_accounts_pkey
1000000,btree_gin_path_ops,eq_common,count,cf_column,1,5.012,5.564,5.130,4.640,6.055,12.122,121,0,ix_cf_segment
1000000,btree_gin_path_ops,eq_common,page,cf_column,25,0.093,0.106,0.096,0.091,0.118,0.035,21,0,bench_accounts_pkey
1000000,btree_gin_path_ops,eq_common,count,jsonb_contains,1,110.701,119.864,112.106,106.765,120.537,117.405,60755,0,ix_jsonb_path_ops
1000000,btree_gin_path_ops,eq_common,page,jsonb_contains,25,0.143,0.161,0.145,0.134,0.168,0.061,21,0,bench_accounts_pkey
1000000,btree_gin_path_ops,eq_common,count,jsonb_text_expr,1,40.694,49.265,41.595,38.187,49.807,60.909,60842,0,ix_jsonb_segment
1000000,btree_gin_path_ops,eq_common,page,jsonb_text_expr,25,0.111,0.141,0.149,0.106,0.785,0.064,21,0,bench_accounts_pkey
1000000,btree_gin_path_ops,multi_value,count,cf_yaml_like,1,24.034,25.578,24.859,23.354,38.778,24.549,19871,0,ix_cf_interests_trgm
1000000,btree_gin_path_ops,multi_value,page,cf_yaml_like,25,0.311,0.615,0.384,0.296,0.739,0.195,98,0,bench_accounts_pkey
1000000,btree_gin_path_ops,multi_value,count,jsonb_contains,1,17.888,18.670,17.979,17.570,19.231,18.555,19419,0,ix_jsonb_path_ops
1000000,btree_gin_path_ops,multi_value,page,jsonb_contains,25,0.421,0.578,0.469,0.404,0.598,0.286,98,0,bench_accounts_pkey
1000000,btree_gin_path_ops,multi_value,count,jsonb_path_match,1,23.514,29.426,24.470,22.155,29.679,23.690,19419,0,ix_jsonb_path_ops
1000000,btree_gin_path_ops,multi_value,page,jsonb_path_match,25,0.548,0.710,0.582,0.527,0.712,0.366,98,0,bench_accounts_pkey
1000000,btree_gin_path_ops,numeric_range,count,cf_column,1,19.004,24.322,19.554,18.336,25.601,24.444,50698,0,ix_cf_annual_value
1000000,btree_gin_path_ops,numeric_range,page,cf_column,25,0.144,0.174,0.164,0.126,0.547,0.078,34,0,bench_accounts_pkey
1000000,btree_gin_path_ops,numeric_range,count,jsonb_numeric_expr,1,64.449,72.491,65.858,59.345,81.711,65.370,52308,0,ix_jsonb_annual_value
1000000,btree_gin_path_ops,numeric_range,page,jsonb_numeric_expr,25,0.197,0.214,0.200,0.190,0.227,0.124,34,0,bench_accounts_pkey
1000000,btree_gin_path_ops,numeric_range,count,jsonb_path_match,1,146.616,155.365,147.943,143.008,155.922,145.593,69450,0,seq_scan
1000000,btree_gin_path_ops,numeric_range,page,jsonb_path_match,25,0.226,0.279,0.242,0.207,0.430,0.115,34,0,bench_accounts_pkey
1000000,btree_gin_path_ops,date_range,count,cf_column,1,1.000,1.182,1.039,0.975,1.204,2.535,298,0,ix_cf_renewal_date
1000000,btree_gin_path_ops,date_range,page,cf_column,25,0.278,0.523,0.344,0.263,1.215,0.182,126,0,bench_accounts_pkey
1000000,btree_gin_path_ops,date_range,count,jsonb_text_expr,1,12.723,14.028,12.990,12.103,16.144,19.220,23988,0,ix_jsonb_renewal_date
1000000,btree_gin_path_ops,date_range,page,jsonb_text_expr,25,0.504,0.697,0.529,0.456,0.719,0.376,126,0,bench_accounts_pkey
1000000,btree_gin_path_ops,date_range,count,jsonb_path_match,1,124.977,132.669,126.384,121.108,137.823,121.918,69450,0,seq_scan
1000000,btree_gin_path_ops,date_range,page,jsonb_path_match,25,0.505,0.693,0.536,0.474,0.698,0.372,126,0,bench_accounts_pkey
1000000,btree_gin_path_ops,key_exists,count,cf_column,1,6.896,7.258,6.953,6.686,7.402,13.149,3713,0,ix_cf_renewal_date
1000000,btree_gin_path_ops,key_exists,page,cf_column,25,0.080,0.094,0.085,0.078,0.124,0.018,9,0,bench_accounts_pkey
1000000,btree_gin_path_ops,key_exists,count,jsonb_key_exists,1,100.077,109.402,102.205,98.502,109.435,109.484,69450,0,seq_scan
1000000,btree_gin_path_ops,key_exists,page,jsonb_key_exists,25,0.133,0.184,0.146,0.104,0.414,0.022,9,0,bench_accounts_pkey
1000000,btree_gin_path_ops,key_exists,count,jsonb_path_match,1,110.311,120.675,114.365,108.123,149.830,117.209,69450,0,seq_scan
1000000,btree_gin_path_ops,key_exists,page,jsonb_path_match,25,0.106,0.156,0.119,0.100,0.255,0.022,9,0,bench_accounts_pkey
1000000,btree_gin_path_ops,key_exists,count,jsonb_text_expr,1,91.797,98.624,92.576,87.851,100.053,97.751,69637,0,ix_jsonb_renewal_date
1000000,btree_gin_path_ops,key_exists,page,jsonb_text_expr,25,0.079,0.089,0.081,0.077,0.100,0.020,9,0,bench_accounts_pkey
1000000,btree_gin_path_ops,sort_offset_0,page,cf_column,25,0.069,0.076,0.073,0.067,0.137,0.012,18,0,ix_cf_annual_value
1000000,btree_gin_path_ops,sort_offset_0,page,jsonb_numeric_expr,25,0.085,0.298,0.117,0.080,0.393,0.019,28,0,ix_jsonb_annual_value
1000000,btree_gin_path_ops,sort_offset_5000,page,cf_column,25,0.489,0.621,0.511,0.465,0.656,0.679,2795,0,ix_cf_annual_value
1000000,btree_gin_path_ops,sort_offset_5000,page,jsonb_numeric_expr,25,3.474,3.747,3.738,3.119,8.714,3.194,5052,0,ix_jsonb_annual_value
1000000,gin_jsonb_ops,eq_rare,count,jsonb_contains,1,6.458,6.899,6.736,6.241,11.581,6.193,4589,0,ix_jsonb_ops
1000000,gin_jsonb_ops,eq_rare,page,jsonb_contains,25,6.961,9.778,7.418,6.702,11.349,6.553,4589,0,ix_jsonb_ops
1000000,gin_jsonb_ops,eq_common,count,jsonb_contains,1,120.034,129.214,120.463,113.828,137.510,145.586,60999,0,ix_jsonb_ops
1000000,gin_jsonb_ops,eq_common,page,jsonb_contains,25,0.138,0.169,0.141,0.130,0.175,0.052,21,0,bench_accounts_pkey
1000000,gin_jsonb_ops,multi_value,count,jsonb_contains,1,20.242,25.608,21.302,19.766,35.316,21.738,19559,0,ix_jsonb_ops
1000000,gin_jsonb_ops,multi_value,page,jsonb_contains,25,0.560,0.802,0.588,0.417,0.856,0.299,98,0,bench_accounts_pkey
1000000,gin_jsonb_ops,multi_value,count,jsonb_path_match,1,25.520,29.003,26.260,24.790,36.528,29.761,19563,0,ix_jsonb_ops
1000000,gin_jsonb_ops,multi_value,page,jsonb_path_match,25,0.536,0.722,0.565,0.489,0.725,0.321,98,0,bench_accounts_pkey
1000000,gin_jsonb_ops,numeric_range,count,jsonb_path_match,1,146.879,153.884,147.808,142.640,155.758,145.538,69450,0,seq_scan
1000000,gin_jsonb_ops,numeric_range,page,jsonb_path_match,25,0.222,0.256,0.226,0.209,0.267,0.122,34,0,bench_accounts_pkey
1000000,gin_jsonb_ops,date_range,count,jsonb_path_match,1,124.333,137.933,127.120,120.538,142.544,124.173,69450,0,seq_scan
1000000,gin_jsonb_ops,date_range,page,jsonb_path_match,25,0.521,0.763,0.573,0.484,0.960,0.368,126,0,bench_accounts_pkey
1000000,gin_jsonb_ops,key_exists,count,jsonb_key_exists,1,126.462,134.891,128.419,122.791,135.198,146.346,69389,0,ix_jsonb_ops
1000000,gin_jsonb_ops,key_exists,page,jsonb_key_exists,25,0.110,0.155,0.119,0.102,0.178,0.026,9,0,bench_accounts_pkey
1000000,gin_jsonb_ops,key_exists,count,jsonb_path_match,1,110.835,118.072,112.534,107.731,128.682,118.064,69450,0,seq_scan
1000000,gin_jsonb_ops,key_exists,page,jsonb_path_match,25,0.116,0.220,0.154,0.101,0.600,0.023,9,0,bench_accounts_pkey
