rows,table,relation,kind,bytes,build_ms
10000,bench_accounts,bench_accounts,load,0,269.192849
10000,bench_accounts,cf_columns,column_bytes,987729,
10000,bench_accounts,custom_fields,column_bytes,2785689,
10000,bench_accounts,ix_cf_segment,index_build,90112,8.838842
10000,bench_accounts,ix_cf_annual_value,index_build,385024,19.517668
10000,bench_accounts,ix_cf_renewal_date,index_build,114688,4.95864
10000,bench_accounts,ix_cf_interests_trgm,index_build,417792,16.135743
10000,bench_accounts,ix_jsonb_path_ops,index_build,2408448,45.756639
10000,bench_accounts,ix_jsonb_segment,index_build,90112,7.752477
10000,bench_accounts,ix_jsonb_annual_value,index_build,385024,8.368283
10000,bench_accounts,ix_jsonb_renewal_date,index_build,122880,10.590658
10000,bench_accounts,ix_jsonb_ops,index_build,3923968,95.107101
10000,bench_accounts,ix_jsonb_path_ops,index_build,2408448,44.487303
10000,bench_accounts,bench_accounts,heap,5619712,
10000,bench_accounts,bench_accounts,toast,8192,
10000,bench_accounts,bench_accounts,indexes,4259840,
10000,bench_accounts,bench_accounts,total,9920512,
10000,bench_accounts,bench_accounts_pkey,index,245760,
10000,bench_accounts,ix_cf_annual_value,index,385024,
10000,bench_accounts,ix_cf_interests_trgm,index,417792,
10000,bench_accounts,ix_cf_renewal_date,index,114688,
10000,bench_accounts,ix_cf_segment,index,90112,
10000,bench_accounts,ix_jsonb_annual_value,index,385024,
10000,bench_accounts,ix_jsonb_path_ops,index,2408448,
10000,bench_accounts,ix_jsonb_renewal_date,index,122880,
10000,bench_accounts,ix_jsonb_segment,index,90112,
10000,w_cf,w_cf,copy,0,29.590793
10000,w_jsonb,w_jsonb,copy,0,28.653987
10000,w_both,w_both,copy,0,32.596585
10000,w_cf,w_cf_segment,index_build,90112,7.030604
10000,w_cf,w_cf_annual_value,index_build,385024,6.255569
10000,w_cf,w_cf_renewal_date,index_build,114688,5.625716
10000,w_jsonb,w_jsonb_gin,index_build,2408448,45.491289
10000,w_jsonb,w_jsonb_segment,index_build,90112,9.768582
10000,w_jsonb,w_jsonb_annual_value,index_build,385024,8.233004
10000,w_jsonb,w_jsonb_renewal_date,index_build,122880,8.86993
10000,w_both,w_both_gin,index_build,2408448,46.706726
10000,w_both,w_both_segment,index_build,90112,8.676548
10000,w_both,w_both_annual_value,index_build,385024,8.090973
10000,w_both,w_both_renewal_date,index_build,122880,8.225778
10000,w_cf,w_cf,heap,3448832,
10000,w_cf,w_cf,toast,8192,
10000,w_cf,w_cf,indexes,1359872,
10000,w_cf,w_cf,total,4849664,
10000,w_cf,w_cf_annual_value,index,696320,
10000,w_cf,w_cf_pkey,index,286720,
10000,w_cf,w_cf_renewal_date,index,204800,
10000,w_cf,w_cf_segment,index,172032,
10000,w_jsonb,w_jsonb,heap,5832704,
10000,w_jsonb,w_jsonb,toast,8192,
10000,w_jsonb,w_jsonb,indexes,4513792,
10000,w_jsonb,w_jsonb,total,10387456,
10000,w_jsonb,w_jsonb_annual_value,index,696320,
10000,w_jsonb,w_jsonb_gin,index,3022848,
10000,w_jsonb,w_jsonb_pkey,index,319488,
10000,w_jsonb,w_jsonb_renewal_date,index,253952,
10000,w_jsonb,w_jsonb_segment,index,221184,
10000,w_both,w_both,heap,7315456,
10000,w_both,w_both,toast,8192,
10000,w_both,w_both,indexes,4374528,
10000,w_both,w_both,total,11730944,
10000,w_both,w_both_annual_value,index,696320,
10000,w_both,w_both_gin,index,3022848,
10000,w_both,w_both_pkey,index,286720,
10000,w_both,w_both_renewal_date,index,204800,
10000,w_both,w_both_segment,index,163840,
100000,bench_accounts,bench_accounts,load,0,1753.653816
100000,bench_accounts,cf_columns,column_bytes,9890771,
100000,bench_accounts,custom_fields,column_bytes,27853307,
100000,bench_accounts,ix_cf_segment,index_build,720896,36.768409
100000,bench_accounts,ix_cf_annual_value,index_build,3702784,46.443063
100000,bench_accounts,ix_cf_renewal_date,index_build,729088,27.062809
100000,bench_accounts,ix_cf_interests_trgm,index_build,2170880,156.047848
100000,bench_accounts,ix_jsonb_path_ops,index_build,21872640,639.777056
100000,bench_accounts,ix_jsonb_segment,index_build,720896,38.161139
100000,bench_accounts,ix_jsonb_annual_value,index_build,3702784,52.765994
100000,bench_accounts,ix_jsonb_renewal_date,index_build,737280,41.466585
100000,bench_accounts,ix_jsonb_ops,index_build,36184064,1280.482666
100000,bench_accounts,ix_jsonb_path_ops,index_build,21872640,621.221318
100000,bench_accounts,bench_accounts,heap,56393728,
100000,bench_accounts,bench_accounts,toast,8192,
100000,bench_accounts,bench_accounts,indexes,36618240,
100000,bench_accounts,bench_accounts,total,93061120,
100000,bench_accounts,bench_accounts_pkey,index,2260992,
100000,bench_accounts,ix_cf_annual_value,index,3702784,
100000,bench_accounts,ix_cf_interests_trgm,index,2170880,
100000,bench_accounts,ix_cf_renewal_date,index,729088,
100000,bench_accounts,ix_cf_segment,index,720896,
100000,bench_accounts,ix_jsonb_annual_value,index,3702784,
100000,bench_accounts,ix_jsonb_path_ops,index,21872640,
100000,bench_accounts,ix_jsonb_renewal_date,index,737280,
100000,bench_accounts,ix_jsonb_segment,index,720896,
100000,w_cf,w_cf,copy,0,233.006211
100000,w_jsonb,w_jsonb,copy,0,295.815489
100000,w_both,w_both,copy,0,251.960803
100000,w_cf,w_cf_segment,index_build,720896,39.790299
100000,w_cf,w_cf_annual_value,index_build,3702784,48.81417
100000,w_cf,w_cf_renewal_date,index_build,729088,25.751671
100000,w_jsonb,w_jsonb_gin,index_build,21856256,727.202988
100000,w_jsonb,w_jsonb_segment,index_build,720896,46.371327
100000,w_jsonb,w_jsonb_annual_value,index_build,3702784,46.848143
100000,w_jsonb,w_jsonb_renewal_date,index_build,737280,39.646799
100000,w_both,w_both_gin,index_build,21872640,644.586541
100000,w_both,w_both_segment,index_build,720896,38.065742
100000,w_both,w_both_annual_value,index_build,3702784,59.611951
100000,w_both,w_both_renewal_date,index_build,737280,41.203955
100000,w_cf,w_cf,heap,28598272,
100000,w_cf,w_cf,toast,8192,
100000,w_cf,w_cf,indexes,8552448,
100000,w_cf,w_cf,total,37191680,
100000,w_cf,w_cf_annual_value,index,3842048,
100000,w_cf,w_cf_pkey,index,3203072,
100000,w_cf,w_cf_renewal_date,index,745472,
100000,w_cf,w_cf_segment,index,761856,
100000,w_jsonb,w_jsonb,heap,47472640,
100000,w_jsonb,w_jsonb,toast,8192,
100000,w_jsonb,w_jsonb,indexes,31039488,
100000,w_jsonb,w_jsonb,total,78561280,
100000,w_jsonb,w_jsonb_annual_value,index,3842048,
100000,w_jsonb,w_jsonb_gin,index,22470656,
100000,w_jsonb,w_jsonb_pkey,index,3203072,
100000,w_jsonb,w_jsonb_renewal_date,index,753664,
100000,w_jsonb,w_jsonb_segment,index,770048,
100000,w_both,w_both,heap,58572800,
100000,w_both,w_both,toast,8192,
100000,w_both,w_both,indexes,31064064,
100000,w_both,w_both,total,89686016,
100000,w_both,w_both_annual_value,index,3842048,
100000,w_both,w_both_gin,index,22487040,
100000,w_both,w_both_pkey,index,3203072,
100000,w_both,w_both_renewal_date,index,753664,
100000,w_both,w_both_segment,index,778240,
1000000,bench_accounts,bench_accounts,load,0,13830.618417
1000000,bench_accounts,cf_columns,column_bytes,99732233,
1000000,bench_accounts,custom_fields,column_bytes,279151470,
1000000,bench_accounts,ix_cf_segment,index_build,7020544,285.638892
1000000,bench_accounts,ix_cf_annual_value,index_build,36749312,454.62025
1000000,bench_accounts,ix_cf_renewal_date,index_build,6995968,234.68621
1000000,bench_accounts,ix_cf_interests_trgm,index_build,16883712,1647.934831
1000000,bench_accounts,ix_jsonb_path_ops,index_build,210173952,9063.211009
1000000,bench_accounts,ix_jsonb_segment,index_build,7020544,357.651408
1000000,bench_accounts,ix_jsonb_annual_value,index_build,36749312,542.990594
1000000,bench_accounts,ix_jsonb_renewal_date,index_build,7053312,365.075825
1000000,bench_accounts,ix_jsonb_ops,index_build,327901184,15251.075097
1000000,bench_accounts,ix_jsonb_path_ops,index_build,210173952,9091.792675
1000000,bench_accounts,bench_accounts,heap,568934400,
1000000,bench_accounts,bench_accounts,toast,8192,
1000000,bench_accounts,bench_accounts,indexes,351133696,
1000000,bench_accounts,bench_accounts,total,920264704,
1000000,bench_accounts,bench_accounts_pkey,index,22487040,
1000000,bench_accounts,ix_cf_annual_value,index,36749312,
1000000,bench_accounts,ix_cf_interests_trgm,index,16883712,
1000000,bench_accounts,ix_cf_renewal_date,index,6995968,
1000000,bench_accounts,ix_cf_segment,index,7020544,
1000000,bench_accounts,ix_jsonb_annual_value,index,36749312,
1000000,bench_accounts,ix_jsonb_path_ops,index,210173952,
1000000,bench_accounts,ix_jsonb_renewal_date,index,7053312,
1000000,bench_accounts,ix_jsonb_segment,index,7020544,
1000000,w_cf,w_cf,copy,0,2476.123806
1000000,w_jsonb,w_jsonb,copy,0,2755.796479
1000000,w_both,w_both,copy,0,3065.061647
1000000,w_cf,w_cf_segment,index_build,7020544,296.130852
1000000,w_cf,w_cf_annual_value,index_build,36749312,441.34652
1000000,w_cf,w_cf_renewal_date,index_build,6995968,214.612608
1000000,w_jsonb,w_jsonb_gin,index_build,209977344,9102.113072
1000000,w_jsonb,w_jsonb_segment,index_build,7020544,356.885538
1000000,w_jsonb,w_jsonb_annual_value,index_build,36749312,541.435787
1000000,w_jsonb,w_jsonb_renewal_date,index_build,7053312,366.579699
1000000,w_both,w_both_gin,index_build,210173952,9313.082617
1000000,w_both,w_both_segment,index_build,7020544,335.696367
1000000,w_both,w_both_annual_value,index_build,36749312,520.310832
1000000,w_both,w_both_renewal_date,index_build,7053312,422.098405
1000000,w_cf,w_cf,heap,280903680,
1000000,w_cf,w_cf,toast,8192,
1000000,w_cf,w_cf,indexes,84672512,
1000000,w_cf,w_cf,total,365690880,
1000000,w_cf,w_cf_annual_value,index,36790272,
1000000,w_cf,w_cf_pkey,index,33800192,
1000000,w_cf,w_cf_renewal_date,index,7012352,
1000000,w_cf,w_cf_segment,index,7069696,
1000000,w_jsonb,w_jsonb,heap,463101952,
1000000,w_jsonb,w_jsonb,toast,8192,
1000000,w_jsonb,w_jsonb,indexes,295321600,
1000000,w_jsonb,w_jsonb,total,758579200,
1000000,w_jsonb,w_jsonb_annual_value,index,36790272,
1000000,w_jsonb,w_jsonb_gin,index,210591744,
1000000,w_jsonb,w_jsonb_pkey,index,33800192,
1000000,w_jsonb,w_jsonb_renewal_date,index,7069696,
1000000,w_jsonb,w_jsonb_segment,index,7069696,
1000000,w_both,w_both,heap,571179008,
1000000,w_both,w_both,toast,8192,
1000000,w_both,w_both,indexes,295518208,
1000000,w_both,w_both,total,866893824,
1000000,w_both,w_both_annual_value,index,36790272,
1000000,w_both,w_both_gin,index,210788352,
1000000,w_both,w_both_pkey,index,33800192,
1000000,w_both,w_both_renewal_date,index,7069696,
1000000,w_both,w_both_segment,index,7069696,
