rows,table,operation,count,p50_ms,p95_ms,mean_ms,throughput_per_s,total_ms
10000,w_cf,insert_single_row_autocommit,2000,0.092,0.392,0.142,6383.716,313.297
10000,w_jsonb,insert_single_row_autocommit,2000,0.093,0.176,0.120,8044.542,248.616
10000,w_both,insert_single_row_autocommit,2000,0.181,0.525,0.247,4000.039,499.995
10000,w_cf,update_one_custom_field_autocommit,2000,0.078,0.313,0.118,8365.046,239.090
10000,w_jsonb,update_one_custom_field_autocommit,2000,0.085,0.255,0.113,8752.222,228.513
10000,w_both,update_one_custom_field_autocommit,2000,0.225,0.514,0.282,3523.891,567.555
10000,w_both,backfill_via_trigger_noop_update,12000,,,,19437.452,617.365
10000,w_cf,backfill_set_based_update,12000,,,,45775.725,262.148
100000,w_cf,insert_single_row_autocommit,2000,0.075,0.323,0.118,8329.953,240.097
100000,w_jsonb,insert_single_row_autocommit,2000,0.080,0.200,0.108,9201.563,217.354
100000,w_both,insert_single_row_autocommit,2000,0.168,0.392,0.220,4515.175,442.951
100000,w_cf,update_one_custom_field_autocommit,2000,0.077,0.287,0.102,9770.175,204.705
100000,w_jsonb,update_one_custom_field_autocommit,2000,0.084,0.299,0.117,8503.270,235.204
100000,w_both,update_one_custom_field_autocommit,2000,0.190,0.457,0.247,4025.052,496.888
100000,w_both,backfill_via_trigger_noop_update,102000,,,,17154.599,5945.927
100000,w_cf,backfill_set_based_update,102000,,,,46342.943,2200.982
1000000,w_cf,insert_single_row_autocommit,2000,0.081,0.261,0.106,9302.869,214.987
1000000,w_jsonb,insert_single_row_autocommit,2000,0.089,0.259,0.115,8589.070,232.854
1000000,w_both,insert_single_row_autocommit,2000,0.180,0.475,0.247,4015.110,498.118
1000000,w_cf,update_one_custom_field_autocommit,2000,0.091,0.347,0.139,7152.034,279.641
1000000,w_jsonb,update_one_custom_field_autocommit,2000,0.094,0.155,0.111,8971.553,222.927
1000000,w_both,update_one_custom_field_autocommit,2000,0.213,0.481,0.271,3669.447,545.041
1000000,w_both,backfill_via_trigger_noop_update,1002000,,,,15873.616,63123.613
1000000,w_cf,backfill_set_based_update,1002000,,,,43060.917,23269.360
